{
  "LokiCalibration" : {
    "ntubes" : 128,
    "nstraws" : 7,
    "resolution" : 512,

    "polynomials" : [
      [0, -5.9063,   0.0105391,  3.08099e-06,  1.02532e-07],
      [1, 21.3922,  -0.0894232,  5.60272e-07,  1.06596e-07],
      ...
      [895, -5.61863,  0.0119683, -2.66194e-05,  1.11569e-07]
    ]
  }
}
