{
  "LokiCalibration" : {
    "ntubes" : 8,
    "nstraws" : 7,
    "resolution" : 512,

    "polynomials" : [
      [0,  0.0, 0.0, 0.0, 0.0],
      [1,  0.0, 0.0, 0.0, 0.0],
      [2,  0.0, 0.0, 0.0, 0.0],
      [3,  0.0, 0.0, 0.0, 0.0],
      [4,  0.0, 0.0, 0.0, 0.0],
      [5,  0.0, 0.0, 0.0, 0.0],
      [6,  0.0, 0.0, 0.0, 0.0],

      [7,  -5.9063,   0.0105391,  3.08099e-06,  1.02532e-07],
      [8,  21.3922,  -0.0894232,  5.60272e-07,  1.06596e-07],
      [9,  33.9697,  -0.166222,   1.44437e-05,  7.76406e-08],
      [10, 41.8933,  -0.211056,   7.70842e-05, -9.71057e-09],
      [11, 44.3057,  -0.171058,  -1.50365e-05,  1.03076e-07],
      [12, 17.5745,  -0.0823212, -8.35434e-05,  1.85326e-07],
      [13, -5.61863,  0.0119683, -2.66194e-05,  1.11569e-07],

      [14, 0.0, 0.0, 0.0, 0.0],
      [15, 0.0, 0.0, 0.0, 0.0],
      [16, 0.0, 0.0, 0.0, 0.0],
      [17, 0.0, 0.0, 0.0, 0.0],
      [18, 0.0, 0.0, 0.0, 0.0],
      [19, 0.0, 0.0, 0.0, 0.0],
      [20, 0.0, 0.0, 0.0, 0.0],

      [21, 0.0, 0.0, 0.0, 0.0],
      [22, 0.0, 0.0, 0.0, 0.0],
      [23, 0.0, 0.0, 0.0, 0.0],
      [24, 0.0, 0.0, 0.0, 0.0],
      [25, 0.0, 0.0, 0.0, 0.0],
      [26, 0.0, 0.0, 0.0, 0.0],
      [27, 0.0, 0.0, 0.0, 0.0],

      [28, -5.27184, -0.0134901,  -3.49317e-05, 1.69815e-07],
      [29, 28.3162,  -0.114629,   -3.79167e-05, 1.86055e-07],
      [30, 50.2752,  -0.223065,    9.49951e-05, 1.30951e-08],
      [31, 49.1083,  -0.236256,   -8.05768e-06, 1.64068e-07],
      [32, 43.6452,  -0.215222,   -1.65835e-05, 1.66036e-07],
      [33, 25.2728,  -0.134793,   -4.75887e-05, 1.98508e-07],
      [34, -4.08654,  0.00813395, -6.08117e-05, 1.89266e-07],

      [35, -12.6346,  0.0398883,  -0.00010267,  2.37092e-07],
      [36,  13.3583, -0.0620529,  -3.24256e-05, 1.50361e-07],
      [37,  31.0557, -0.129533,   -6.30482e-05, 2.0559e-07],
      [38,  39.3173, -0.169475,   -4.74412e-05, 2.00936e-07],
      [39,  34.6702, -0.156756,   -2.0864e-05,  1.68778e-07],
      [40,  25.1811, -0.110586,    6.49113e-06, 1.37661e-07],
      [41, -10.5454,  0.0140191,  -3.60692e-05, 1.79109e-07],

      [42,  -4.22408, -0.0109503, -6.94592e-05, 2.29255e-07],
      [43,  22.8854,  -0.121669,  -4.74969e-05, 2.15287e-07],
      [44,  46.862,   -0.192643,  -5.01069e-05, 2.29039e-07],
      [45,  56.5869,  -0.24098,   -5.56887e-06, 1.79388e-07],
      [46,  41.9251,  -0.198841,  -6.19255e-06, 1.74735e-07],
      [47,  22.4122,  -0.115448,  -5.00023e-05, 2.31322e-07],
      [48,   2.66577, -0.0251414, -7.33292e-05, 2.41951e-07],

      [49,  -6.18318,  0.0475363, -0.000144759, 2.40154e-07],
      [50,  19.705,   -0.0492624, -9.80193e-05, 1.9682e-07],
      [51,  30.6013,  -0.132014,  -6.37932e-05, 1.65934e-07],
      [52,  38.9958,  -0.150153,  -0.000100935, 2.44284e-07],
      [53,  34.1063,  -0.149189,  -8.95269e-05, 2.28238e-07],
      [54,  13.4355,  -0.0661134, -4.34339e-05, 1.75908e-07],
      [55, -13.6814,   0.0452927, -5.43698e-05, 1.86355e-07]
    ]
  }
}
